EMAIL,FIRST_NAME,LAST_NAME,ROLE,PHONE_NUMBER,PASSWORD,CHANGE_PASSWORD,USER_ID
rdunning1@wordpress.com,Ruby,Dunning,user,7686284667,iR1')S(P8KX_74H,true,12
eminnock2@prnewswire.com,Elsie,Minnock,user,1392988157,lI8|3tS0Onug@9',true,13
cbourne3@jiathis.com,Cristionna,Bourne,user,8051678048,iF0)BE/?$=ux'7,true,14
eantognelli4@wordpress.com,Estel,Antognelli,user,7783923057,"sN9,_le@FUVb",true,15
cvondrys5@nationalgeographic.com,Cameron,Vondrys,user,6392778920,qN8?Xf}_'yT3,true,16
tjarrell6@hc360.com,Tracie,Jarrell,user,9393564951,oP5<0dIJba5D5M,true,17
fgobbet7@friendfeed.com,Flem,Gobbet,user,7578878162,qH4#ZVAh),true,18
rclemits8@t-online.de,Ross,Clemits,user,9531851615,dU1`QS+0vD,true,19
bskeeles9@trellian.com,Bill,Skeeles,user,1451788610,sG7+4esYllAxhI,true,20
fwithnalla@technorati.com,Floyd,Withnall,user,2237642328,tU1$(Pf>l?qM!mJT,true,21
strekerb@ovh.net,Sutton,Treker,user,8787060693,uE9<oWOW==b,true,22
bclurowc@stanford.edu,Benedicto,Clurow,user,6492302720,"iI1#'HhFt,vuh",true,23
srittelmeyerd@yahoo.co.jp,Shurlocke,Rittelmeyer,user,4279035021,zF0\4@N&*6tG7T8+,true,24
ffowlestonee@netscape.com,Frederique,Fowlestone,user,1864510329,"eU8,7mHh/Z*!fo*",true,25
cbeetf@cbsnews.com,Charlene,Beet,user,8147943337,"zN1""xmr>n""}/1,.q",true,26
rbrazierg@friendfeed.com,Reade,Brazier,user,3455296265,rX6{P.<<\>=u~,true,27
tworssamh@booking.com,Tresa,Worssam,user,2935593979,tA9\IAkq@J,true,28
lalloti@archive.org,Lilllie,Allot,user,9371099705,fQ4<<.~WUg'r{,true,29
emcillrickj@gnu.org,Earvin,McIllrick,user,9966994472,bZ9.VA.Y,true,30
atollitk@ifeng.com,Arel,Tollit,user,9655866354,"uU8>~~,LJqmY`sEf",true,31
lsweynsonl@yandex.ru,Lora,Sweynson,user,5199062978,"vB2,=J'Z`y.U",true,32
dwincerm@imdb.com,Dalton,Wincer,user,2886126995,"iN9,94jNBD",true,33
rdirrn@forbes.com,Reinald,Dirr,user,1507941954,tS2?&Hgms,true,34
nmccurlyeo@uol.com.br,Neall,McCurlye,user,7129119794,jB9=Ssb/_M?,true,35
yriedigerp@narod.ru,Yard,Riediger,user,3779092989,lR9=Tch`.O\A,true,36
plabbeyq@blogtalkradio.com,Patricio,Labbey,user,5126869265,"yY7!d!&LV*DZu`7""",true,37
acoalburnr@themeforest.net,Arv,Coalburn,user,9145190660,"hK5*M\4_5""",true,38
ndrydales@gmpg.org,Nikoletta,Drydale,user,1008868059,"bJ0,2t$s=,@\,KZn",true,39
qkelberert@harvard.edu,Quintana,Kelberer,user,5657174633,fC6{CwZ5Uz_o7,true,40
rdornu@exblog.jp,Richmond,Dorn,user,9758031514,oX8/&UC#O,true,41
ewarrenerv@multiply.com,Elfrieda,Warrener,user,5127393594,uE0~LxRHmE,true,42
bwitteyw@timesonline.co.uk,Bald,Wittey,user,7267643449,nA4.?oj`bl`&gW<,true,43
bdibsdalex@nifty.com,Blinnie,Dibsdale,user,5505130710,zG9`&N8Ej,true,44
lmidnery@cmu.edu,Lia,Midner,user,8116925865,pB4~qsY`hg,true,45
cburthz@gizmodo.com,Clifford,Burth,user,3202377335,xF5#ef9vp+X1SUa,true,46
nhellsdon10@g.co,Nora,Hellsdon,user,7013355023,sP7#<R!h_,true,47
rfranzelini11@t.co,Retha,Franzelini,user,7864472282,iU9.s\OB/sQP%d,true,48
lkitchener12@paypal.com,Lara,Kitchener,user,9319340342,"cW1\Hc,@`j",true,49
larling13@dot.gov,Lillian,Arling,user,6861439846,yS8'X87W~$0q,true,50
cfranzen14@loc.gov,Corissa,Franzen,user,3194269188,"mQ4\"".&Iw4*_g",true,51
ggheeraert15@barnesandnoble.com,Gert,Gheeraert,user,6515186197,"wG3,K$tn''vp",true,52
srigden16@indiegogo.com,Shoshanna,Rigden,user,5811418659,eN4<&*wF$,true,53
ssheran17@ft.com,Sosanna,Sheran,user,5301357925,xO5(wE$#7o1o,true,54
gmaling18@sitemeter.com,Gian,Maling,user,4863872970,jS1#3aX7QFM3/<,true,55
jsainsbury19@irs.gov,Jojo,Sainsbury,user,1836117665,"gG4""lu{oK3Ni_pR}",true,56
bschach1a@51.la,Betty,Schach,user,5875200503,zK5+xBA`m,true,57
radriaan1b@yale.edu,Ricca,Adriaan,user,4828169908,"wN2&O1H2,",true,58
rantcliffe1c@slate.com,Robinette,Antcliffe,user,1806522588,nX0(TGt6=oq,true,59
jyeabsley1d@tripod.com,Jaquith,Yeabsley,user,4605194879,qI1&\_0CLmp+y,true,60
ciacovuzzi1e@pbs.org,Cairistiona,Iacovuzzi,user,4213419139,"gL0's,Wi}>F'",true,61
edoulden1f@addthis.com,Ermina,Doulden,user,6676969639,wO1\sNrt9Gy3jbu,true,62
nroughan1g@washingtonpost.com,Nathan,Roughan,user,7541108237,"wN0""KeE=U",true,63
tsheringham1h@aol.com,Tom,Sheringham,user,8339199977,rE8#nYus3Q5,true,64
klerego1i@feedburner.com,Konrad,Lerego,user,5483938488,rE4(>uq2,true,65
blere1j@hibu.com,Barclay,Lere,user,1004938722,tG6%\<GBmRX1yr<,true,66
lbeall1k@imdb.com,Liv,Beall,user,4802023339,kB1`L7%Aba,true,67
clatan1l@craigslist.org,Clem,Latan,user,5169708166,"mL6/vD<''{0,E",true,68
kharfoot1m@cafepress.com,Konstantin,Harfoot,user,8676758736,"sC6""aIvM2M,",true,69
acalderonello1n@t.co,Andrea,Calderonello,user,1622652288,zQ3{lXtLZi&},true,70
vmaytom1o@statcounter.com,Verine,Maytom,user,1102964100,"wB3#uN0,w+",true,71
mspinas1p@quantcast.com,Millard,Spinas,user,2834318447,"zF3,D'XEr2T|Dp",true,72
cbywaters1q@4shared.com,Carly,Bywaters,user,1521740095,nC6'Q&>G=k8$)4=6,true,73
rbarge1r@icio.us,Roselle,Barge,user,5945641459,rR2?O@hObR#t,true,74
vsingh1s@wikispaces.com,Valentia,Singh,user,3856575705,hP7'7bsFzr3HWA_},true,75
pkamall1t@japanpost.jp,Pamella,Kamall,user,5765073140,rJ3#Dcu|_sp7G#Q,true,76
vbadby1u@cdbaby.com,Vite,Badby,user,9595729091,rZ1'4~?+sO)M>%,true,77
mlenoire1v@hud.gov,Melonie,Le Noire,user,4077146478,zX5\h?e@P*CHz,true,78
jbellward1w@msn.com,Joannes,Bellward,user,8793784847,"nS8""i""d|j8$88P",true,79
bbarbera1x@usatoday.com,Brantley,Barbera,user,9224743888,yJ4)wLN9L`,true,80
rales1y@ted.com,Romona,Ales0,user,7389290210,sZ6}K~YogA?,true,81
dkinnar1z@live.com,Dale,Kinnar,user,1729675280,rR3_=jSI_I4Mj*IL,true,82
kgeffinger20@amazon.com,Kevan,Geffinger,user,8317477739,iF6+x_tj_dx~`zXQ,true,83
gzieme21@taobao.com,Griffie,Zieme,user,4675279110,pW3~?v?%t*(n5Ea,true,84
atidbold22@1und1.de,Anastasie,Tidbold,user,6231305369,tH3'?`B|,true,85
jstebbins23@wisc.edu,Jordain,Stebbins,user,6568371975,cB2@I5zA}*S}w9CJ,true,86
zlaite24@smugmug.com,Zerk,Laite,user,6039849497,nQ0#FwFi_jrCsN,true,87
ptyson25@bloglovin.com,Paco,Tyson,user,2909038588,tR2_$MBa7Li=+=,true,88
wgherardelli26@dion.ne.jp,Ward,Gherardelli,user,9901322391,"aM6<BvK,7$HhQF",true,89
kcrampsey27@dagondesign.com,Kristi,Crampsey,user,5261471418,jT4$yD&SF1R{NC,true,90
kmillard28@hatena.ne.jp,Karon,Millard,user,6297006077,pX0`w(n_,true,91
nmariel29@shutterfly.com,Nikolaus,Mariel,user,7533326663,qS7~taMdnZ%,true,92
ftallboy2a@surveymonkey.com,Fred,Tallboy,user,8531999708,pQ8?.Qe3OJi1,true,93
wcobleigh2b@icio.us,Waldo,Cobleigh,user,4598904011,kW3/Pd>M'\LoOs1,true,94
anelane2c@macromedia.com,Alexi,Nelane,user,4608852898,tQ8*CZH0q\,true,95
ndollard2d@fema.gov,Nikolaos,Dollard,user,3522576272,"jE4#vHYAvq9*y""Z)",true,96
cbiddlecombe2e@jigsy.com,Christabella,Biddlecombe,user,5961712286,tC8@l4xy4u>,true,97
ljaskowicz2f@opera.com,Lulita,Jaskowicz,user,5304864313,sV3/eVn_,true,98
lagius2g@wikia.com,Lowell,Agius,user,6016364256,vH1{\PtE6,true,99
dvader2h@over-blog.com,Damiano,Vader,user,2062531219,yC5*KLo1L,true,100
bblackborough2i@google.fr,Belvia,Blackborough,user,5224147074,"cR6.|""!oJ=(37r`N",true,101
lpatillo2j@elegantthemes.com,Lee,Patillo,user,1863203382,rT5|g!aB1,true,102
tmerredy2k@pinterest.com,Trev,Merredy,user,3836605355,qQ5$m/XmItY8y,true,103
agolda2l@g.co,Aldwin,Golda,user,5579622141,yU1`hJTAaSxk,true,104
rcurm2m@yahoo.co.jp,Rickey,Curm,user,8646135711,bX3`p0ZA,true,105
fdimbleby2n@ask.com,Fabe,Dimbleby,user,6317556605,xM0)k6vf',true,106
ngrimsdyke2o@newsvine.com,Natalie,Grimsdyke,user,6017459802,uE4(aIJI?Y|Xwq3=,true,107
tbenallack2p@cornell.edu,Tiebout,Benallack,user,3767299829,cN2(}e`||ZQ4,true,108
sbrandsen2q@bing.com,Sterne,Brandsen,user,5506113217,cO1(U#}QgexD,true,109
frowcastle2r@nsw.gov.au,Florencia,Rowcastle,user,3931685328,kI3+0Anuq*V/)8,true,110
rgarrood2s@nydailynews.com,Randell,Garrood,user,6283116523,bJ7(JeuO,true,111
phayhow2t@arizona.edu,Perkin,Hayhow,user,4028321082,"pC4#3}&8%Hb%$h<""",true,112
sharefoot2u@blogspot.com,Shelly,Harefoot,user,3042416727,rM1{'nJsz,true,113
srefford2v@unblog.fr,Sibby,Refford,user,2434717602,iG0'w>+CCl8vh_I!,true,114
mwillishire2w@netscape.com,Mendy,Willishire,user,6277369871,tO1%'HJn/'s,true,115
glaurenzi2x@goodreads.com,Gearard,Laurenzi,user,4235706922,uT8$j=WbP=io0lv$,true,116
kmelladew2y@usa.gov,Kristy,Melladew,user,3715238229,eJ3~)V/$r2`,true,117
chaws2z@ft.com,Casar,Haws,user,2142924510,vI9~6aqc1{a!,true,118
eeuston30@boston.com,Eilis,Euston,user,6586199790,pI3{?ut3OC$(,true,119
marstingall31@yahoo.com,Mady,Arstingall,user,2853160446,"yL7}""{/sMLKN",true,120
bpatterson32@pbs.org,Brinn,Patterson,user,5021179649,"sJ1<,,!ANzmT6*%N",true,121
cizkovitz33@blinklist.com,Chrisy,Izkovitz,user,5409044534,wF0(Hb%*L,true,122
vlashmar34@princeton.edu,Virgie,Lashmar,user,3067440836,lW8(<Y$Y<{X*,true,123
fmosedall35@squarespace.com,Francesco,Mosedall,user,1287136254,cY3\3I8Jz,true,124
lziemen36@discovery.com,Lyndel,Ziemen,user,9315911376,lI3%Xp>`8rrv/Q,true,125
gmanuely37@intel.com,Glendon,Manuely,user,5924297741,cP4(i$CY,true,126
bholdren38@cornell.edu,Boycie,Holdren,user,1933597961,lP4|l*)JRrP,true,127
ssommerlie39@cpanel.net,Sileas,Sommerlie,user,2559216445,mK0<q.uXjvs'fI(u,true,128
ajarvie3a@google.com.hk,Anders,Jarvie,user,3834078615,qW7.u{b)aM\ObJ,true,129
lginman3b@skype.com,Laryssa,Ginman,user,6136682440,gF6'`0%tNJ{,true,130
rclitherow3c@webnode.com,Rowen,Clitherow,user,3949972756,"lD6&2Z,Fmx@",true,131
rkytter3d@stumbleupon.com,Rea,Kytter,user,9996020840,kW2&.|u(6&x%j,true,132
nbarrows3e@yellowpages.com,Nevile,Barrows,user,5669137704,mM5~DOo5!K,true,133
irobarts3f@cnet.com,Idalia,Robarts,user,5682146647,zE5}xF9w,true,134
sdreini3g@homestead.com,Steward,Dreini,user,9684710770,"mC5,cr1Wjk/L",true,135
afrogley3h@e-recht24.de,Ardyce,Frogley,user,4335168192,"jB8,bjUKP",true,136
mtilio3i@fc2.com,Marney,Tilio,user,8525519269,jJ2!wxg$L'm.zgX9,true,137
vlideard3j@youtu.be,Vince,Lideard,user,5525832821,bG9/f.o>VC,true,138
cismail3k@dropbox.com,Carolus,Ismail,user,4649327720,gV2?c%N?E,true,139
krestieaux3l@blinklist.com,Katleen,Restieaux,user,8936116535,"zY6(+bN'!s(I5m,",true,140
striplet3m@hp.com,Sonya,Triplet,user,8728493974,mG9'Op`/NHs,true,141
mcortese3n@omniture.com,Megen,Cortese,user,8547893784,"oC8""GayC5",true,142
ptoopin3o@chicagotribune.com,Paton,Toopin,user,4243659443,eB1>rO0GvxI3,true,143
wboundley3p@e-recht24.de,Webster,Boundley,user,3293712554,sG4'q`Q{&W.2wH8d,true,144
ckeemar3q@cnn.com,Carin,Keemar,user,4139864134,"pS8}rQwnF""tVh$!",true,145
sedeler3r@unc.edu,Sergent,Edeler,user,3392147907,pN2\S{y=,true,146
bkynton3s@g.co,Blair,Kynton,user,2663513106,hF5&Up?7?,true,147
cshelton3t@odnoklassniki.ru,Crista,Shelton,user,4328864394,"jA1*_,ATh3",true,148
csharer3u@tinypic.com,Christiane,Sharer,user,2528472928,sA0%)lMqKUbgq},true,149
dbignell3v@altervista.org,Dorothee,Bignell,user,1457066137,mQ4*GC`@w6!,true,150
hdewinton3w@state.tx.us,Hadrian,De Winton,user,8023563278,"yV4!""4%ZtaFfr",true,151
rboyton3x@wordpress.com,Roy,Boyton,user,2587135163,jA8}y(S@1)aTBg%Q,true,152
econnell3y@nhs.uk,Electra,Connell,user,4666731997,yL7|z5/oYwc6,true,153
trainard3z@squidoo.com,Tersina,Rainard,user,9139487413,wX2_LgPNv}1,true,154
ggeraldo40@scientificamerican.com,Godfry,Geraldo,user,7313376764,uL3*Er%X<vLJ+j,true,155
rpolkinghorne41@nature.com,Rey,Polkinghorne,user,5886905580,iQ9*QO\ORqw8,true,156
estanney42@nyu.edu,Estell,Stanney,user,6775069033,zW2%13<l~RJ_,true,157
khaggus43@imageshack.us,Kania,Haggus,user,9526209988,"uO2"",%k5r$b@4L",true,158
mfranks44@etsy.com,Mirelle,Franks,user,7328166683,sE7=!M9l'j,true,159
wcockle45@ycombinator.com,Wilfred,Cockle,user,9376198302,"yM7#*""JHBq",true,160
bsellner46@senate.gov,Bobbee,Sellner,user,9225365283,eX7%}oS9XN4s,true,161
kioselev47@delicious.com,Klaus,Ioselev,user,8026862237,sC7~cdQ3lvd(Q,true,162
pledingham48@washingtonpost.com,Packston,Ledingham,user,4794128580,dM8&U\/q9L8.xAX,true,163
pcurzon49@github.com,Paul,Curzon,user,5278761823,nS9$\4J2>!`Y~`!,true,164
celderidge4a@theglobeandmail.com,Cecilio,Elderidge,user,4596457480,"nU6%FLp+Pv,UHa0Q",true,165
omompesson4b@ebay.com,Oona,Mompesson,user,8293329069,"eN1""#WuB3$k}pko",true,166
cbirks4c@hud.gov,Carolus,Birks,user,3141866298,"jZ5""cQa@/!\",true,167
pburnhams4d@fema.gov,Pryce,Burnhams,user,7472869656,hC9=70$&&,true,168
mmccauley4e@nytimes.com,Maximo,McCauley,user,9281548370,"yJ2%A#X"",ky0Cp",true,169
rjockle4f@reverbnation.com,Roxi,Jockle,user,1133247041,bA8<m(#1,true,170
rcarl4g@virginia.edu,Roberto,Carl,user,8631918241,fB2*3$5WaeYL|7&r,true,171
rskaid4h@clickbank.net,Rodrique,Skaid,user,5741360002,"nS4""|6Vv7KRV6",true,172
crosenfeld4i@people.com.cn,Celestina,Rosenfeld,user,1203986793,yF4?UprRYM,true,173
mbettridge4j@cyberchimps.com,Marian,Bettridge,user,9777598477,"qR2""/KvN#6Y",true,174
ablewmen4k@google.de,Averil,Blewmen,user,5898916534,nX5>}Ir~6p`/,true,175
alightning4l@ox.ac.uk,Alaric,Lightning,user,2807387858,nT5~ChESH,true,176
mjandera4m@vimeo.com,Matthieu,Jandera,user,5609643440,"fD7&@*\<v\Ya("">",true,177
sdaines4n@tumblr.com,Shamus,Daines,user,6102519498,"gE2}!HJ?9LsT<QR,",true,178
syarrington4o@zdnet.com,Swen,Yarrington,user,3587136794,vX6>PKUS?!'~n7uc,true,179
rfitzpatrick4p@webs.com,Rudolph,Fitzpatrick,user,7166251368,"jT7*Q)#m""O",true,180
atwiggins4q@comsenz.com,Arne,Twiggins,user,1302469256,kK7{*DKy&>c\>v,true,181
apickover4r@google.es,Archibold,Pickover,user,6445523672,rD0>BE=C8*=pCqpH,true,182
rlightowlers4s@ifeng.com,Rozella,Lightowlers,user,9332360444,qW3}w1VV86qk1UFd,true,183
fmaffulli4t@barnesandnoble.com,Felipa,Maffulli,user,9778878445,tQ7~nqgm)?T',true,184
qquimby4u@dmoz.org,Quill,Quimby,user,8799730271,qQ7<kepf+{YdYl,true,185
kmunkley4v@phoca.cz,Kelly,Munkley,user,8659785127,zF7|&/1N`IC/9wKE,true,186
ddebold4w@oracle.com,Dael,Debold,user,3306306788,fT0+>%8a=C6,true,187
mgraham4x@jalbum.net,Marsha,Graham,user,5752523809,dD5\bfcj>,true,188
rcamilli4y@yahoo.co.jp,Rosalinda,Camilli,user,1719559074,"vX2""ux(1H#Au<`b*",true,189
raickin4z@instagram.com,Richard,Aickin,user,1953131442,mK9=i|2+,true,190
adelaperrelle50@trellian.com,Abbie,De la Perrelle,user,6051969106,wO2%(B{q{8X39,true,191
bdobrovolny51@domainmarket.com,Brita,Dobrovolny,user,8499220213,uB6'IYpfP,true,192
sfinder52@smugmug.com,Sybil,Finder,user,7036505112,uP1@Sh=v9Fe\*H,true,193
rseely53@nhs.uk,Rosette,Seely,user,3562119440,vD8.'&%%rh8,true,194
nwanklyn54@miitbeian.gov.cn,Neda,Wanklyn,user,5264396517,cJ2@PhJM,true,195
bmongenot55@shinystat.com,Brok,Mongenot,user,3701772240,oS0%ODb4z<aD9E@,true,196
npumfrey56@oakley.com,Nikos,Pumfrey,user,1178022515,rF9<86L%o#`X12W,true,197
chalhead57@pinterest.com,Constancy,Halhead,user,9708179230,lH6+zTJRP$F,true,198
kfreschini58@macromedia.com,Katrina,Freschini,user,2376876975,nM6=%_58Y.,true,199
rhune59@ucoz.ru,Ruddy,Hune,user,7462573460,nX5=_g#=EJ,true,200
vcartmel5a@tumblr.com,Vallie,Cartmel,user,7196596778,wA9.&yix}YF<v,true,201
bschinetti5b@theatlantic.com,Bernetta,Schinetti,user,5417889261,yN5*)lsE,true,202
obigby5c@yellowbook.com,Oneida,Bigby,user,3379488979,"uX5(9S,CaLN?",true,203
adael5d@howstuffworks.com,Arv,Dael,user,3532089737,wF3!}@SKAzyo,true,204
crew5e@tripadvisor.com,Collin,Rew,user,6517370069,zS6`@CETXaL{`'C\,true,205
abalcock5f@netscape.com,Aurore,Balcock,user,3124500828,"dG1/bC)C+,@KF",true,206
braylton5g@wp.com,Boris,Raylton,user,7609543974,qB3%?n@&5/yF<zc),true,207
vreisen5h@ucla.edu,Vittoria,Reisen,user,1358932172,"nZ2(Vyvm.9""",true,208
pclute5i@slashdot.org,Parker,Clute,user,6823800120,wB2`c\OVXD&|?(+\,true,209
rmapson5j@altervista.org,Rafael,Mapson,user,3169279455,"pF6,L41g>",true,210
twoolmington5k@nyu.edu,Tedra,Woolmington,user,2593020545,aQ3}Waz<D..Xn?VD,true,211
mrudkin5l@columbia.edu,Mickie,Rudkin,user,1756002208,dX5(SHH3(RnuVN,true,212
wjerzak5m@plala.or.jp,Willem,Jerzak,user,5545966826,aQ9)SmBX+x/,true,213
rportman5n@hatena.ne.jp,Rona,Portman,user,9521013270,"aX6=oB""\H",true,214
hveryard5o@answers.com,Hatty,Veryard,user,8124697873,eD9>*c5Qs7g?,true,215
ishorie5p@ftc.gov,Isis,Shorie,user,6103258438,sX8|eo'#?,true,216
mbeldum5q@wufoo.com,Micky,Beldum,user,9043907239,"wE3`,_%55&",true,217
lcoutthart5r@dyndns.org,Lilly,Coutthart,user,8184477310,uE2/lZ6f,true,218
pdanilchenko5s@ow.ly,Pablo,Danilchenko,user,6194391647,"iL6#GUBG?PN,sC!+",true,219
apeaddie5t@cbsnews.com,Arline,Peaddie,user,8512126130,uO0&Vq~wcI>,true,220
oharlin5u@freewebs.com,Olive,Harlin,user,6236792534,iE1*u&4TX(uSQ,true,221
ghayes5v@dell.com,Gwyneth,Hayes,user,5532660013,dR4_OiA0UXba&b1,true,222
gskirving5w@about.com,Gabrielle,Skirving,user,1668639496,qM5+\G`XX,true,223
wpawson5x@topsy.com,Wainwright,Pawson,user,2076829884,iW7@%KgYma),true,224
garne5y@infoseek.co.jp,Gwenora,Arne,user,3125424040,"kY8*,fERU%~O'%H",true,225
fscranny5z@oaic.gov.au,Frederico,Scranny,user,1493094275,"jA9""Du*!ujY13f",true,226
bprando60@nbcnews.com,Bevon,Prando,user,7911994151,"zG7/aTdTUr""AY&$G",true,227
ddillinger61@4shared.com,Deeanne,Dillinger,user,1195035976,jE4\5Cil8q,true,228
mocullen62@creativecommons.org,Marsh,O'Cullen,user,5417564633,lO9~wJH%8AJMA64,true,229
jtrewhela63@delicious.com,Jeanine,Trewhela,user,7579201991,eM1*b%x\|/LyO_dE,true,230
hrumble64@webnode.com,Hedwig,Rumble,user,5549860314,"rN2_<""fm",true,231
mlampe65@ebay.co.uk,Mace,Lampe,user,8182801082,dT9}?O~B!yM=NbQM,true,232
mfothergill66@networkadvertising.org,Miller,Fothergill,user,2794977137,jG9@N'n+1w+,true,233
agarvill67@nifty.com,Ajay,Garvill,user,1308058548,"hU9>noA~SW,!&4|",true,234
jscowen68@jalbum.net,Jolynn,Scowen,user,7007571514,bU1(alPzvd*47A,true,235
fmossman69@parallels.com,Fulvia,Mossman,user,3179587602,dK7|x~MyzH),true,236
rphilippart6a@usnews.com,Rachelle,Philippart,user,2011954347,"wO9`F,9'b)",true,237
vtournay6b@npr.org,Valera,Tournay,user,8836378633,fP1~Ej?e@M0',true,238
fblondel6c@cam.ac.uk,Fredrick,Blondel,user,3794940074,xL6@..H#u@&Uhv3,true,239
tnewton6d@studiopress.com,Trina,Newton,user,7226800127,qC1.@.6z,true,240
lrable6e@epa.gov,Lindsey,Rable,user,2527665715,qI7>Lhy4#ze,true,241
osherratt6f@comcast.net,Otha,Sherratt,user,9216744262,pG0!D|!UUD\B@},true,242
kwinney6g@go.com,Kalli,Winney,user,9781084699,bX4!B=\k=6z!<~B,true,243
tollivierre6h@epa.gov,Tatum,Ollivierre,user,9472489972,jC0*KKK.rn,true,244
dritelli6i@biblegateway.com,Dave,Ritelli,user,1765269497,"oA6!j,k*6(",true,245
btillot6j@nifty.com,Bryce,Tillot,user,7353458244,fI3$n9iEH7,true,246
smegainey6k@nydailynews.com,Stavros,Megainey,user,8791918149,aC0/QgUaA,true,247
hrounsefull6l@webnode.com,Herve,Rounsefull,user,3135154420,jN3%@wTNn2q,true,248
dlucks6m@admin.ch,Damara,Lucks,user,6973596155,kJ7.CQBKW6,true,249
kreagan6n@histats.com,Kirsten,Reagan,user,8608303754,gM5'DpM_lwgs=aeb,true,250
jandrolli6o@macromedia.com,Jacki,Androlli,user,7448180762,tL3$bFAw%f,true,251
cguillond6p@time.com,Carolina,Guillond,user,8999801337,"bN7#IHr9""Wo$",true,252
scawker6q@cargocollective.com,Saxon,Cawker,user,6874134525,pS8</#ws!!+f{tDW,true,253
hteresi6r@qq.com,Hinze,Teresi,user,8247059262,jX1+>0A_WUCv,true,254
bcroker6s@spotify.com,Braden,Croker,user,1753223411,tO6~(KC@,true,255
lashment6t@xing.com,Lanita,Ashment,user,2501556204,"nK4,{z{dGUeSI",true,256
fconnelly6u@technorati.com,Fransisco,Connelly,user,6203868919,"kM3,AzPsCx*",true,257
ssindell6v@wp.com,Simmonds,Sindell,user,6387882255,tQ6|x@Da1,true,258
npetley6w@ebay.co.uk,Nichols,Petley,user,6193264722,jJ3`9qThgH,true,259
rtrounce6x@admin.ch,Rhea,Trounce,user,4371115311,iB6.d_n/H,true,260
dbrightwell6y@google.it,Dusty,Brightwell,user,8716579580,"hN2<a"".d_ax",true,261
todrought6z@nifty.com,Tierney,O'Drought,user,3944901041,zO4?7BJ\LU`U1L>,true,262
slassetter70@abc.net.au,Seward,Lassetter,user,9906928741,uV3}&Qg.9SKu6{{,true,263
jmaryska71@deliciousdays.com,Jodi,Maryska,user,3861819768,"dD0""$nplguh",true,264
vdenyukin72@reverbnation.com,Vaughan,Denyukin,user,3228585907,fT7~Bbu+_,true,265
njakubovski73@mapquest.com,Nettie,Jakubovski,user,3954125884,"eG4~C%!uw,70",true,266
dcoventon74@nbcnews.com,Doris,Coventon,user,4209995903,"rE4.`!,XHPXy<",true,267
chitzschke75@nasa.gov,Carol-jean,Hitzschke,user,7333654178,lW4\9GK9OSz+>n,true,268
kfirle76@seesaa.net,Kelwin,Firle,user,6351841840,aN4<Q\F90f7R,true,269
msandeland77@google.ca,Mira,Sandeland,user,3045056337,"sY9%1Bf""<4Di_",true,270
asommerfeld78@salon.com,Annabelle,Sommerfeld,user,4216617775,pI8/4UAix,true,271
mtocknell79@vkontakte.ru,Merrill,Tocknell,user,6686009336,"wO0$BVNN>A""U",true,272
miceton7a@amazon.com,Mimi,Iceton,user,2499169046,iY2~#M!>>if&H0ei,true,273
rruprecht7b@ucoz.ru,Rickard,Ruprecht,user,2767315779,dI3+L%CF,true,274
pmarquet7c@pen.io,Perla,Marquet,user,3034821459,"yZ7|!Y,>*o6",true,275
acrewe7d@pinterest.com,Andreana,Crewe,user,8211669048,yM8#*Km'Bz,true,276
etubble7e@nytimes.com,Ellie,Tubble,user,8791275541,eU8%D~@1(uE}E',true,277
cvanwaadenburg7f@army.mil,Catie,Van Waadenburg,user,8833052112,xD4'5+$Y&?+XRs,true,278
sdanett7g@berkeley.edu,Saundra,Danett,user,8543089518,zD8=kh&hlI,true,279
tgyde7h@virginia.edu,Thorpe,Gyde,user,9559150569,hH4=zASZ,true,280
knazair7i@freewebs.com,Kellby,Nazair,user,5767920809,bT1+5Yb)\LfX2z,true,281
mnortcliffe7j@fotki.com,Marty,Nortcliffe,user,8424836738,rX2/k6BB|/oeLEe*,true,282
tdraysay7k@paginegialle.it,Toby,Draysay,user,1092149162,oV5(6O~(NH3,true,283
rbabin7l@house.gov,Ros,Babin,user,7839135157,"xB5$j6H9F%,",true,284
mtorrance7m@google.com.hk,Maridel,Torrance,user,7632081500,qH0/{Nbht`3,true,285
jmurdy7n@seattletimes.com,Jackie,Murdy,user,1066117899,iL1/0j>PNp9.TvYi,true,286
codulchonta7o@reference.com,Chantalle,O'Dulchonta,user,3089964296,yK5(Tk54fX9,true,287
lparlour7p@storify.com,Llywellyn,Parlour,user,4158910854,gU2\%IiM_,true,288
cply7q@prnewswire.com,Constantine,Ply,user,2512974795,hL1*}y4r,true,289
jadolf7r@e-recht24.de,Jayme,Adolf,user,3733151527,sE1/%IxgB\/,true,290
obaike7s@oakley.com,Orrin,Baike,user,5321017570,oH3`26u(xN,true,291
ccannop7t@storify.com,Curt,Cannop,user,2074906856,uZ8=|.VCs#=Uc,true,292
ekilday7u@cafepress.com,Evania,Kilday,user,9685881556,wU8*qu+gn,true,293
msimmonds7v@kickstarter.com,Magdalena,Simmonds,user,8599359967,mK9/{)NxK@4KH5,true,294
edyton7w@eventbrite.com,Emeline,Dyton,user,6461783847,"qV8~U%""F8nOW$""!",true,295
ewhooley7x@utexas.edu,Eamon,Whooley,user,8214234518,qG1=jfA<.<,true,296
sphear7y@over-blog.com,Sigismundo,Phear,user,4862054775,mT7<GO<V,true,297
wleate7z@over-blog.com,Willi,Leate,user,6977672044,"iF3@reZ1jd)5#""N1",true,298
ttipping80@vinaora.com,Taite,Tipping,user,2981848822,"bR7+1cFdyV,",true,299
kkilmaster81@comsenz.com,Kin,Kilmaster,user,6607451774,sV7!q_<TGFzz,true,300
jwilcot82@yale.edu,Jodie,Wilcot,user,4592830533,fG3~(BI}H,true,301
lmathon83@stanford.edu,Laverna,Mathon,user,5946319807,oN8%l}NB(9bW7)(},true,302
klilloe84@mtv.com,Kimble,Lilloe,user,6134570140,yO1&KUSut6Ve>P,true,303
nsant85@ox.ac.uk,Nathanael,Sant,user,9284460072,"jH0,Ttto8*Xx1>Ej",true,304
lbloy86@goodreads.com,Lorette,Bloy,user,5885297384,qY4`lx|hSF/+,true,305
scrocket87@dedecms.com,Sheilakathryn,Crocket,user,8644176449,iV7~kRvz,true,306
mfishleigh88@ebay.com,Mariquilla,Fishleigh,user,4592158686,bO3(M8u6pVX#TA9N,true,307
nferrant89@bandcamp.com,Nicol,Ferrant,user,7765432318,"qO0*B""C_lQV",true,308
dcursons8a@usatoday.com,Delilah,Cursons,user,1308898108,fN5>lfNLwrO'@,true,309
tcarless8b@apple.com,Thurstan,Carless,user,7853654784,fL2<#58k,true,310
lchoke8c@nasa.gov,Leena,Choke,user,8581727939,iF4<jJ3O,true,311
hleeb8d@si.edu,Hendrika,Leeb,user,8477129284,hB3!S&p=9/f!J7,true,312
drozalski8e@studiopress.com,Dalston,Rozalski,user,2132184653,xN9's_iLw,true,313
smeeland8f@51.la,Selena,Meeland,user,2527579388,"kE8,r6W>36qf",true,314
lrippen8g@google.co.uk,Lanette,Rippen,user,4179107559,oC8?JqE$,true,315
fstandbrook8h@taobao.com,Forrester,Standbrook,user,3616457765,wF3&mz1n_{`sv@2,true,316
jmalia8i@twitpic.com,Jesse,Malia,user,4827990121,"lE5>@C,Yt{MwXh<*",true,317
lbocken8j@linkedin.com,Liane,Bocken,user,4486580406,lX5<NWj9p,true,318
dmaingot8k@symantec.com,Danica,Maingot,user,1479043026,wS5&nFB),true,319
afisbburne8l@elegantthemes.com,Anselm,Fisbburne,user,6436488352,gC8`udT7,true,320
kelvin8m@merriam-webster.com,Kerstin,Elvin,user,6612187039,dK1%asa&$bU9,true,321
ktireman8n@last.fm,Kristen,Tireman,user,6266891407,"pY8+(""Y$U",true,322
mbrandino8o@hibu.com,Monica,Brandino,user,6883661980,"lD0}i\$yk,opdkE",true,323
amacintosh8p@utexas.edu,Arlan,MacIntosh,user,9961356509,"sW7""C<gfPgls",true,324
stant8q@ca.gov,Selinda,Tant,user,7263436625,"cL6'jQ""er#>3kU",true,325
fskull8r@soup.io,Fredelia,Skull,user,4276354925,"oT5*%RAiD,1r&",true,326
ckimber8s@gravatar.com,Cilka,Kimber,user,3627943760,cM2_2LjRU?_,true,327
otassel8t@linkedin.com,Orville,Tassel,user,6731413555,"rE3$*i3=yW@R{F,p",true,328
dschulze8u@princeton.edu,Dex,Schulze,user,2208776650,rT1?*&`J3,true,329
nmolloy8v@t.co,Nani,Molloy,user,6503534459,"iL1_DyoOn{L4v,nc",true,330
dmcilwaine8w@paypal.com,Dewey,McIlwaine,user,1307001734,iT1}.Q<84zs!X/MI,true,331
rstather8x@google.es,Rodger,Stather,user,8196014112,iS3+R0ZX)Ngte,true,332
chatherleigh8y@ft.com,Cynthy,Hatherleigh,user,7094380013,"pF2}d,c1uz&RFx",true,333
cpettengell8z@typepad.com,Caty,Pettengell,user,8958964020,aP8<V~<\viX/cwk,true,334
cmcgrann90@nhs.uk,Carlee,McGrann,user,7832785787,sY6?ZrT9,true,335
hconquer91@cam.ac.uk,Had,Conquer,user,9608207970,"oA0\w,u\dDh<F1GA",true,336
rhasnney92@wsj.com,Rania,Hasnney,user,9451724988,aI8!|?B0`LSyY9,true,337
lfalk93@com.com,Lorettalorna,Falk,user,7695799609,qB2||=\+%\EOXrK,true,338
jshipston94@diigo.com,Jeanelle,Shipston,user,8952870711,iQ3$/fpV?4@m},true,339
aclaremont95@msn.com,Austina,Claremont,user,3285429072,vW8=PXhHr,true,340
mvarfalameev96@com.com,Maximilianus,Varfalameev,user,2614307783,dP5}Z4u`NN?@+<,true,341
sduell97@cdc.gov,Shep,Duell,user,9334019370,xM6+46XNOzNde,true,342
rcreaven98@ft.com,Royce,Creaven,user,6399531957,fO5#YeQFGW,true,343
lmellodey99@free.fr,Lynnelle,Mellodey,user,5663525269,zR2\or}#w7YQ,true,344
jchetham9a@narod.ru,Jodi,Chetham,user,4498177426,zC9$dfW4KNaW,true,345
kfairhall9b@devhub.com,Kay,Fairhall,user,6364279079,nL0)w5niE,true,346
mfrigot9c@toplist.cz,Marna,Frigot,user,4271976031,lY3~s9g1PA_X,true,347
dcumbridge9d@nature.com,Dulcia,Cumbridge,user,5224554463,lA4>NmZ=v,true,348
fsinisbury9e@usa.gov,Frederique,Sinisbury,user,3287252005,"cU0,%Gey#w",true,349
gsheehy9f@51.la,Griffie,Sheehy,user,4258845018,xJ1%Q.%ONl,true,350
bcraister9g@dion.ne.jp,Brinna,Craister,user,9451439794,lL9?&Pp>$~>,true,351
ltunna9h@cisco.com,La verne,Tunna,user,6899930306,nI0=9hk#>JDk/M,true,352
mpaulou9i@senate.gov,Melony,Paulou,user,6939380265,hP5~~x4E,true,353
tnovik9j@tumblr.com,Trace,Novik,user,9404218233,pN6/Mnug,true,354
rstooke9k@g.co,Robbie,Stooke,user,8223016995,"vN1@u*.#G..),{",true,355
oharrhy9l@jugem.jp,Oliy,Harrhy,user,5013876929,eJ8}Y_UL6wG,true,356
llack9m@guardian.co.uk,Lil,Lack,user,8565748444,dT3'4nCE}o,true,357
icavil9n@storify.com,Inness,Cavil,user,1556510655,kP7>0CE=5*62~,true,358
nmoggan9o@simplemachines.org,Nicola,Moggan,user,6958674156,zX0#/oBQoQv,true,359
fstockill9p@topsy.com,Filberte,Stockill,user,6115471665,oQ9'pFIy&vT,true,360
plines9q@nba.com,Putnem,Lines,user,8939936496,nF2!>NNn,true,361
nlewing9r@multiply.com,Nigel,Lewing,user,7924530267,sL8|6%oA?QN|hLv,true,362
kboerder9s@rambler.ru,Kristopher,Boerder,user,3199257455,uO4!diIxv7,true,363
htongue9t@sogou.com,Hortense,Tongue,user,9893309761,zI3?Xj4rK_CTJ,true,364
tgreatreax9u@netscape.com,Terri,Greatreax,user,2849653230,kK1%VP5Z?pDN&,true,365
gramshaw9v@engadget.com,Griz,Ramshaw,user,1649062884,fH5\$XG5>/nDSRq,true,366
emccoish9w@csmonitor.com,Edith,McCoish,user,9877161571,tM8&qg=ByP,true,367
grumsey9x@deliciousdays.com,Guthrie,Rumsey,user,7027779754,bU7!TuwUt*\qz@9,true,368
dprobart9y@cpanel.net,Dunc,Probart,user,7909122668,sY7?Zx%X,true,369
mfyfield9z@over-blog.com,Marcello,Fyfield,user,3679406247,fI0$*#1MbJ`K=Jy,true,370
alangstratha0@sitemeter.com,Alaster,Langstrath,user,9015062174,iL7\XY\U<VS,true,371
mdecleena1@hostgator.com,Megan,De Cleen,user,7131809551,bN4_Cu0*<udMuG(R,true,372
mludwikiewicza2@cocolog-nifty.com,Moses,Ludwikiewicz,user,3203141633,fM1%/6x?N!,true,373
ugalwaya3@eventbrite.com,Ursola,Galway,user,7672055363,sN5/W`Y1lVnc~JuD,true,374
rbrazeltona4@tumblr.com,Raleigh,Brazelton,user,3645306121,gN9`F~y@_V`,true,375
ulelievrea5@nytimes.com,Ulrick,Le Lievre,user,4735930650,vW4{Vb?7UB.p,true,376
elabaa6@nasa.gov,Eziechiele,Laba,user,7304701252,"xO9""*<Rp",true,377
cromaynesa7@columbia.edu,Cory,Romaynes,user,7007451903,tG4)ZWj.h,true,378
lsalmona8@google.pl,Lanita,Salmon,user,8715927595,kX6}xoNr/wP,true,379
awildisha9@mayoclinic.com,Astrid,Wildish,user,8763018302,tH0%h3.@,true,380
rgrenfellaa@statcounter.com,Rayna,Grenfell,user,5113240550,"wZ1#N85,",true,381
rsymcoxeab@google.co.jp,Rolando,Symcoxe,user,5695358864,rG1.r&0y`uZ,true,382
cjepensenac@usa.gov,Corabel,Jepensen,user,3585778933,pP2?I&u@b,true,383
vwahnerad@tiny.cc,Vin,Wahner,user,9515912605,pO1%3ipr~Q<=A}K,true,384
dtettleyae@newsvine.com,Dawn,Tettley,user,1201122077,nG5)BK4$nu1lRi7,true,385
tbeldhamaf@xinhuanet.com,Tatiana,Beldham,user,1172341225,pO4=2ewV,true,386
mwelbournag@amazon.com,Merla,Welbourn,user,7938591297,tG2!CsSz\OO~J!,true,387
bminelliah@nifty.com,Breena,Minelli,user,4974125523,kT2&TO|'2,true,388
gwaslinai@tumblr.com,Grantham,Waslin,user,5913549527,qM9|mQ|T`y,true,389
otomlinaj@ox.ac.uk,Orland,Tomlin,user,6358435003,wY2'b_lEztPPq<,true,390
carthargak@stanford.edu,Clementia,Artharg,user,9109717550,bX3@>=06ABhkN,true,391
mcazereaual@arizona.edu,Marylinda,Cazereau,user,8829860868,hE2+9VVgOCPSP(,true,392
wcleallam@wufoo.com,Wynnie,Cleall,user,3578836442,"cH9(R%@6kGXa!,",true,393
sdallywateran@kickstarter.com,Sue,Dallywater,user,5745603642,gB9>EqIfA=,true,394
jranscombeao@go.com,Jobie,Ranscombe,user,1885141103,eI1~rMlOyrpo,true,395
ccubuzziap@noaa.gov,Cynthie,Cubuzzi,user,9854767904,"dJ8,(bnG\213",true,396
gdaverinaq@friendfeed.com,Ginni,Daverin,user,2986214574,wK0.&bJ3OgXk?,true,397
lloadar@miibeian.gov.cn,Lettie,Load,user,3605239489,qB7!|%wL@\GP.,true,398
rscullinas@flavors.me,Rayshell,Scullin,user,7077301888,uT0_&l11KTLROu,true,399
tmoaklerat@icq.com,Tobiah,Moakler,user,9664503092,cL6?KXB4u&,true,400
chelliwellau@wikia.com,Christiane,Helliwell,user,5586371215,"yC9/,!so#_Tin",true,401
mbrazerav@cpanel.net,Mike,Brazer,user,7866867173,xZ7.c<\lJvFXy`,true,402
wspelwoodaw@google.de,Waylen,Spelwood,user,4279081843,vD1}@gy6@,true,403
aleserax@fastcompany.com,Aurelea,Leser,user,3984317762,iF1+?}Bb5,true,404
ebriaray@dagondesign.com,Elie,Briar,user,7657672123,wD1(9JhVew/sH,true,405
shalfhideaz@ibm.com,Saree,Halfhide,user,9822908387,iS0#rkx1'|,true,406
abosquetb0@fema.gov,Aristotle,Bosquet,user,7562356425,bT3@~KQ.4B4n\>,true,407
agerriessenb1@examiner.com,Angie,Gerriessen,user,6321637239,tF0(h1E_|YjdyW,true,408
nizodb2@noaa.gov,Neysa,Izod,user,5641641396,mS2}j`k'WY,true,409
rdemageardb3@thetimes.co.uk,Reagen,Demageard,user,5814641163,aG7/jlcM,true,410
tlangranb4@unblog.fr,Teena,Langran,user,4207964506,fC7={9NEI,true,411
wtescheb5@geocities.jp,Warren,Tesche,user,7484422318,"pY8`E,swt27",true,412
sstolzb6@myspace.com,Sandie,Stolz,user,9136153003,cZ1.{b@IXkz,true,413
mverdunb7@marketwatch.com,Mace,Verdun,user,9461831310,bB5{V?=5E_,true,414
dgrellierb8@ucoz.com,Dalt,Grellier,user,8818282153,"gM1@0/%xT,Ig",true,415
ltetsallb9@soup.io,Leonardo,Tetsall,user,6766748091,sS9'z/_IN,true,416
bgaucherba@theglobeandmail.com,Braden,Gaucher,user,8441809351,"jJ0,X*%fpR",true,417
hdearnbb@prweb.com,Herminia,Dearn,user,7741944310,"qQ4/""S83u?COy",true,418
cfickbc@unc.edu,Chelsy,Fick,user,5629869660,iL8*D2Gl`t,true,419
asabybd@prnewswire.com,Anselm,Saby,user,9699919427,nX4~{5FL+l,true,420
cbinksbe@goo.ne.jp,Ciel,Binks,user,6667305650,"qN6,y8hF&m7m{",true,421
maldgatebf@yellowbook.com,Marinna,Aldgate,user,2374592960,hG6}OYO}>%1H=3M,true,422
vdahlgrenbg@friendfeed.com,Vin,Dahlgren,user,7743556574,gH5>Xf+>Vk,true,423
lwychbh@cornell.edu,Loydie,Wych,user,5297020082,qE0+G5<IVNl,true,424
gbrandassibi@hud.gov,Giana,Brandassi,user,7162485733,"oG0/gDBR,zd,",true,425
slordenbj@bloglines.com,Saraann,Lorden,user,1038968728,"sH5_eJa90qb}""J2r",true,426
bsimmsbk@yahoo.co.jp,Bertina,Simms,user,4692959715,sK4/ondEKOn0f}U,true,427
nshielsbl@state.tx.us,Nappy,Shiels,user,4462766543,vP2$/TGz,true,428
asmolanbm@pcworld.com,Arleta,Smolan,user,8393680041,jZ8!jYzC,true,429
sphettebn@dion.ne.jp,Sadye,Phette,user,1637761050,eV5.#JhF,true,430
hfloodgatebo@nih.gov,Hulda,Floodgate,user,4395761684,iR8*<vd?v/,true,431
fjimmisonbp@barnesandnoble.com,Frederick,Jimmison,user,9188196944,fJ2>.dLv{S{z*c,true,432
boverelbq@etsy.com,Bancroft,Overel,user,8609824753,bW7='YIGNt#R,true,433
jquinnetbr@vimeo.com,Joby,Quinnet,user,3209785401,"zB9,J~'""",true,434
bsmalmanbs@toplist.cz,Binny,Smalman,user,1938293116,fW2}vf}Wz,true,435
dscorrerbt@phpbb.com,Darleen,Scorrer,user,6533482657,"eW0""f_C,KmN",true,436
khughbu@webmd.com,Kelly,Hugh,user,4073001836,xF3?bcjd,true,437
klubertibv@technorati.com,Kendre,Luberti,user,1652080962,"wP4+?tj),R*+",true,438
jbrufordbw@marriott.com,Jeanette,Bruford,user,8284879811,"yQ6@*qQ!,daKN'",true,439
ryokleybx@merriam-webster.com,Rahal,Yokley,user,6088511675,"jE4""GccXo",true,440
diskowiczby@cornell.edu,Diego,Iskowicz,user,1641786645,bK8&o85hM,true,441
nlabonbz@t.co,Norene,Labon,user,6342631139,zN4!@T'CIUi,true,442
rbeasleighc0@tripadvisor.com,Rhodia,Beasleigh,user,7265810000,jB2'MT6\K,true,443
pcecilc1@geocities.jp,Piotr,Cecil,user,9092614948,nD3&g+_aX&Dv,true,444
sperillioc2@tuttocitta.it,Shannan,Perillio,user,9416893889,vR1=!AyGwfz6K,true,445
pblacksellc3@meetup.com,Paule,Blacksell,user,2086650902,qV8(/G=},true,446
zstubbsc4@e-recht24.de,Zach,Stubbs,user,3056428102,lX4?l'$zlyo2),true,447
whassinc5@usa.gov,Wainwright,Hassin,user,4535043836,sO1#PYu*g>uUo,true,448
pbugdellc6@i2i.jp,Paulie,Bugdell,user,4768060350,qT2@S.6J&,true,449
cnizardc7@people.com.cn,Cassie,Nizard,user,2906823435,aC1|5z0kVD~@s,true,450
afitzsimonc8@disqus.com,Angel,Fitzsimon,user,1236955403,"eV2=\jE!Q""k#L~}E",true,451
beliec9@fastcompany.com,Beniamino,Elie,user,7249557730,"hX5\DV'e""$",true,452
cdantesiaca@edublogs.org,Carl,Dantesia,user,9749561805,"uP8,l5~o",true,453
jgreedcb@theglobeandmail.com,Jonas,Greed,user,9789890490,oY8*h6ty3Knj,true,454
cmussallicc@fastcompany.com,Ches,Mussalli,user,4506213413,qW6.Sjo1nP,true,455
djosephsoncd@marketwatch.com,Dorothy,Josephson,user,2804970768,nJ2.|Cau8fw,true,456
ckleisce@buzzfeed.com,Cole,Kleis,user,9872962156,yD9|w9.s*,true,457
slepiscopicf@ocn.ne.jp,Sarena,L'Episcopi,user,4826309152,gP8/F38NQ0Lj,true,458
rlutzcg@baidu.com,Roseanne,Lutz,user,9275319238,"tN0%pfa9$3?,",true,459
lsellorsch@opera.com,Loria,Sellors,user,3942977428,sD5(/Y{9K{|I|,true,460
tchopinci@mysql.com,Tera,Chopin,user,2661913544,yM2/u*\!,true,461
tcellecj@cam.ac.uk,Tybi,Celle,user,6094337306,lF3%Iz+q#,true,462
hepsleyck@e-recht24.de,Hubey,Epsley,user,3417039938,rT0=M(vDK(ob>w,true,463
gwillartoncl@sbwire.com,Goldi,Willarton,user,7639726978,qD9`NM\{P),true,464
cbuddingcm@ihg.com,Cristin,Budding,user,8291225562,eS6*NES|Vx7w.,true,465
dbaldacchicn@ycombinator.com,Daisy,Baldacchi,user,5815488050,vO1(Le}},true,466
rscothronco@paginegialle.it,Rosalynd,Scothron,user,8416496369,"eI5{,@Z/WUev",true,467
keareycp@twitter.com,Keith,Earey,user,2413464992,pK0{t*6_9E3(xXS,true,468
mlitstercq@theatlantic.com,Mariel,Litster,user,9314098296,"wZ9~x}x'""b{?bJ",true,469
gperrellicr@networksolutions.com,Guthry,Perrelli,user,5569651079,dC2*?qAM9,true,470
egellingcs@ox.ac.uk,Etan,Gelling,user,1419769876,zA9<74uD,true,471
dsalleirct@illinois.edu,Delores,Salleir,user,9771675330,"vU6\@XoH""(<svB",true,472
tmiddlebrookcu@prweb.com,Trish,Middlebrook,user,6975676062,uT0)Lu=aIm|zB?,true,473
hpurbrickcv@yolasite.com,Harley,Purbrick,user,4427339298,jP4}s<IM>Az7BMt,true,474
ahaldenbycw@patch.com,Ava,Haldenby,user,7425447784,wR4<<~1gle,true,475
dszabocx@mit.edu,Danni,Szabo,user,7968498643,gY9.D>kw'jmFI`,true,476
gfenelowcy@dion.ne.jp,Graeme,Fenelow,user,7826716549,"yP3""?"")q",true,477
tcollomossecz@canalblog.com,Theodoric,Collomosse,user,2063918519,cO9*mhegPc5xHJVC,true,478
ebillisond0@bizjournals.com,Evelyn,Billison,user,4307955203,oB5~a9MlZh,true,479
etroucherd1@latimes.com,Ellerey,Troucher,user,6214242310,"fG6)5jZd3e,6g",true,480
esullyd2@wunderground.com,Ewart,Sully,user,4625139336,kJ8(1yunRNXElYI,true,481
pbennittd3@soundcloud.com,Pembroke,Bennitt,user,5489436988,iP0??(`%$7Ipt7,true,482
jingd4@businessinsider.com,Joy,Ing,user,5822968338,sA3+>X'P<gry,true,483
cbeamsond5@va.gov,Cathleen,Beamson,user,1315841453,tJ6@3GI13,true,484
evanbrugd6@imdb.com,Eydie,Van Brug,user,4142281902,yS9}Z5fD2BLptmP,true,485
whyldend7@trellian.com,Waverly,Hylden,user,2393348189,"pE1%MCFKIrUpT(~,",true,486
htruwertd8@newsvine.com,Horten,Truwert,user,9671516612,"qG6|AbPDgc9xKT,t",true,487
mbained9@about.com,Marlene,Baine,user,9198163362,eQ3_\|=6,true,488
everyardda@lulu.com,Eve,Veryard,user,8615426039,xX5_8j(Z,true,489
wpursehousedb@forbes.com,Willamina,Pursehouse,user,3339295134,"wH5""'YZIwS#p3",true,490
cnationdc@hibu.com,Ceciley,Nation,user,8587908622,eO4#1FUNE,true,491
dlaurancedd@creativecommons.org,Daniela,Laurance,user,4478276456,gK4\R>ABn8cq0~8.,true,492
fmathande@ucsd.edu,Fanya,Mathan,user,8388350281,"uN1""wW.\5m~ECWo",true,493
bendsdf@networkadvertising.org,Bennie,Ends,user,2205745424,"lT2\""5GR",true,494
sgethyndg@so-net.ne.jp,Shani,Gethyn,user,7688591787,"rO0""H)Pf@xBE'",true,495
lmacallandh@reference.com,Lovell,MacAllan,user,9872017012,bL9(#@aqa}k5Xy,true,496
jbuckdi@bravesites.com,Jabez,Buck,user,7319215809,"lN3,k\hA",true,497
swalbridgedj@prweb.com,Seymour,Walbridge,user,2439315767,tV9@7UOCu{W*hU4,true,498
ssurmeyersdk@constantcontact.com,Stevana,Surmeyers,user,1892710813,lQ8=f|t{,true,499
cclendennendl@facebook.com,Celina,Clendennen,user,2962482566,eA3'0ea9,true,500
ppadmoredm@japanpost.jp,Pablo,Padmore,user,6678116996,mE9?`{!*7qO0i,true,501
mmcalesterdn@boston.com,Martina,McAlester,user,8987996771,zP7$p5Ds#,true,502
mmatejkado@cmu.edu,Margaret,Matejka,user,1773983003,"cV0~DrIcz|jC|""\",true,503
reiversdp@hugedomains.com,Rozella,Eivers,user,2945975781,kT4`Ra{bF3sR,true,504
labrahamowitczdq@mtv.com,Lee,Abrahamowitcz,user,4166823565,mM1/)eFY0#ID$(s,true,505
dquelchdr@arizona.edu,Dalton,Quelch,user,5404530366,gG4$q&b}8,true,506
fbadamds@hibu.com,Fritz,Badam,user,7709855628,cS6#\B{HdSMB}O,true,507
bsimoncinidt@so-net.ne.jp,Brit,Simoncini,user,5497153769,dG6)`e?0'Mds4|,true,508
kseckingtondu@techcrunch.com,Karen,Seckington,user,6553088094,pF9\\rNoW,true,509
greadedv@google.com,Giorgio,Reade,user,2915256544,eT1)!%qi$=$/a,true,510
swarnadeeppramanik@gmail.com,Swarnadeep,Pramanik,admin,9564864781,pass123,true,11
swarnadeeppramanik1@gmail.com,Swarnadeep,Pramanik,user,9564864781,pass123,true,511
